 0000019617_000121390024076361_ea0213731-01_424b2.htm 	Files Downloaded as Per Anuj's task
	
18 minutes ago
0000019617_000121390024076365_ea0213773-01_424b2.htm 	Files Downloaded as Per Anuj's task
	
18 minutes ago
0000019617_000121390024076375_ea0213762-01_424b2.htm 	Files Downloaded as Per Anuj's task
	
18 minutes ago
0000019617_000121390024076391_ea0213758-01_424b2.htm 	Files Downloaded as Per Anuj's task
	
18 minutes ago
0000019617_000121390024076398_ea0213805-01_424b3.htm 	Remaining Files Downloaded as Per Anuj's task
	
1 minute ago
0000019617_000121390024076403_ea0213761-01_424b2.htm 	Files Downloaded as Per Anuj's task
	
18 minutes ago
0000019617_000121390024076404_ea0213804-01_424b3.htm 	Files Downloaded as Per Anuj's task
	
18 minutes ago
0000019617_000121390024076406_ea0213760-01_424b2.htm 	Remaining Files Downloaded as Per Anuj's task
	
1 minute ago
0000019617_000121390024076408_ea0213770-01_424b2.htm 	Remaining Files Downloaded as Per Anuj's task
	
1 minute ago
0000019617_000121390024076410_ea0213767-01_424b2.htm 	Remaining Files Downloaded as Per Anuj's task
	
1 minute ago
0000019617_000121390024076418_ea0213798-01_424b2.htm 	Files Downloaded as Per Anuj's task
	
18 minutes ago
0000019617_000121390024076419_ea0213784-01_424b2.htm 	Files Downloaded as Per Anuj's task
	
18 minutes ago
0000019617_000121390024076421_ea0213782-01_424b2.htm 	Files Downloaded as Per Anuj's task
	
18 minutes ago
0000019617_000121390024076422_ea0213788-01_424b2.htm 	Files Downloaded as Per Anuj's task
	
18 minutes ago
0000019617_000121390024076425_ea0213783-01_424b2.htm 	Remaining Files Downloaded as Per Anuj's task
	
1 minute ago
0000019617_000121390024076429_ea0213801-01_424b2.htm 	Files Downloaded as Per Anuj's task
	
18 minutes ago
0000019617_000121390024076458_ea0213776-01_424b2.htm 	Remaining Files Downloaded as Per Anuj's task
	
1 minute ago
0000019617_000121390024076459_ea0213775-01_424b2.htm 	Files Downloaded as Per Anuj's task
	
18 minutes ago
0000019617_000121390024076463_ea0213791-01_424b2.htm 	Files Downloaded as Per Anuj's task
	
18 minutes ago
0000019617_000121390024076467_ea0213799-01_424b2.htm 	Files Downloaded as Per Anuj's task
	
18 minutes ago
0000019617_000121390024076468_ea0213781-01_424b2.htm 	Files Downloaded as Per Anuj's task
	
18 minutes ago
0000019617_000121390024076472_ea0213794-01_424b2.htm 	Remaining Files Downloaded as Per Anuj's task
	
1 minute ago
0000019617_000121390024076496_ea0213828-01_424b2.htm 	Files Downloaded as Per Anuj's task
	
18 minutes ago
0000019617_000121390024076504_ea0213817-01_424b2.htm 	Remaining Files Downloaded as Per Anuj's task
	
1 minute ago
0000019617_000121390024076508_ea0213796-01_424b2.htm 	Files Downloaded as Per Anuj's task
	
18 minutes ago
0000019617_000121390024076511_ea0213797-01_424b2.htm 	Files Downloaded as Per Anuj's task
	
18 minutes ago
0000019617_000121390024076528_ea0213820-01_424b2.htm 	Files Downloaded as Per Anuj's task
	
18 minutes ago
0000019617_000121390024076560_ea0213816-01_424b2.htm 	Files Downloaded as Per Anuj's task
	
18 minutes ago
0000019617_000183988224028589_jpm_424b2-17228.htm 	Files Downloaded as Per Anuj's task
	
18 minutes ago
0000029915_000119312523232385_d512935d424b3.htm 	Files Downloaded as Per Anuj's task
	
18 minutes ago
0000029915_000119312523236777_d555338d424b3.htm 	Remaining Files Downloaded as Per Anuj's task
	
1 minute ago
0000029915_000119312523236816_d537877d424b3.htm 	Files Downloaded as Per Anuj's task
	
18 minutes ago
0000029915_000119312523241292_d531175d424b3.htm 	Files Downloaded as Per Anuj's task
	
18 minutes ago
0000029915_000119312523265859_d575496d424b3.htm 	Files Downloaded as Per Anuj's task
	
18 minutes ago
0000029915_000119312523271209_d525639d424b3.htm 	Remaining Files Downloaded as Per Anuj's task
	
1 minute ago
0000029915_000119312523271320_d570746d424b3.htm 	Remaining Files Downloaded as Per Anuj's task
	
1 minute ago
0000029915_000119312523275692_d297570d424b3.htm 	Files Downloaded as Per Anuj's task
	
18 minutes ago
0000029915_000119312523275857_d312282d424b3.htm 	Files Downloaded as Per Anuj's task
	
18 minutes ago
0000029915_000119312523280431_d406745d424b3.htm 	Files Downloaded as Per Anuj's task
	
18 minutes ago
0000029915_000119312523280576_d569256d424b3.htm 	Files Downloaded as Per Anuj's task
	
18 minutes ago
0000029915_000119312523283145_d609719d424b3.htm 	Files Downloaded as Per Anuj's task
	
18 minutes ago
0000029915_000119312523283278_d562691d424b3.htm 	Files Downloaded as Per Anuj's task
	
18 minutes ago
0000029915_000119312523288144_d623563d424b3.htm 	Files Downloaded as Per Anuj's task
	
18 minutes ago
0000029915_000119312523288360_d465859d424b3.htm 	Files Downloaded as Per Anuj's task
	
18 minutes ago
0000029915_000119312523292417_d570966d424b3.htm 	Files Downloaded as Per Anuj's task
	
18 minutes ago
0000029915_000119312523292503_d828392d424b3.htm 	Files Downloaded as Per Anuj's task
	
18 minutes ago
0000029915_000119312523297520_d706819d424b3.htm 	Files Downloaded as Per Anuj's task
	
18 minutes ago
0000029915_000119312523297534_d784488d424b3.htm 	Files Downloaded as Per Anuj's task
	
18 minutes ago
0000029915_000119312523302789_d617752d424b3.htm 	Files Downloaded as Per Anuj's task
	
18 minutes ago
0000029915_000119312524025967_d767462d424b5.htm 	Files Downloaded as Per Anuj's task
	
18 minutes ago
0000029915_000119312524028367_d767462d424b2.htm 	Files Downloaded as Per Anuj's task
	
18 minutes ago
0000029915_000119312524031649_d786297d424b3.htm 	Remaining Files Downloaded as Per Anuj's task
	
1 minute ago
0000029915_000119312524039878_d766335d424b3.htm 	Files Downloaded as Per Anuj's task
	
18 minutes ago
0000029915_000119312524039945_d766322d424b3.htm 	Files Downloaded as Per Anuj's task
	
18 minutes ago
0000029915_000119312524045962_d798011d424b3.htm 	Remaining Files Downloaded as Per Anuj's task
	
1 minute ago
0000029915_000119312524046061_d769496d424b3.htm 	Files Downloaded as Per Anuj's task
	
18 minutes ago
0000029915_000119312524057690_d792492d424b3.htm 	Remaining Files Downloaded as Per Anuj's task
	
1 minute ago
0000029915_000119312524057749_d791801d424b3.htm 	Remaining Files Downloaded as Per Anuj's task
	
1 minute ago
0000029915_000119312524064619_d913761d424b3.htm 	Files Downloaded as Per Anuj's task
	
18 minutes ago
0000029915_000119312524064784_d763380d424b3.htm 	Files Downloaded as Per Anuj's task
	
18 minutes ago
0000029915_000119312524070069_d797863d424b3.htm 	Files Downloaded as Per Anuj's task
	
18 minutes ago
0000029915_000119312524070206_d797746d424b3.htm 	Files Downloaded as Per Anuj's task
	
18 minutes ago
0000029915_000119312524076426_d769707d424b3.htm 	Files Downloaded as Per Anuj's task
	
18 minutes ago
0000029915_000119312524121876_d773742d424b3.htm 	Files Downloaded as Per Anuj's task
	
18 minutes ago
0000029915_000119312524131693_d831258d424b3.htm 	Files Downloaded as Per Anuj's task
	
18 minutes ago
0000029915_000119312524131842_d645052d424b3.htm 	Files Downloaded as Per Anuj's task
	
18 minutes ago
0000029915_000119312524136919_d837489d424b3.htm 	Files Downloaded as Per Anuj's task
	
18 minutes ago
0000029915_000119312524137150_d826236d424b3.htm 	Remaining Files Downloaded as Per Anuj's task
	
1 minute ago
0000029915_000119312524142695_d796392d424b3.htm 	Remaining Files Downloaded as Per Anuj's task
	
1 minute ago
0000029915_000119312524142790_d836699d424b3.htm 	Files Downloaded as Per Anuj's task
	
18 minutes ago
0000029915_000119312524147841_d828042d424b3.htm 	Files Downloaded as Per Anuj's task
	
18 minutes ago
0000029915_000119312524148132_d844444d424b3.htm 	Remaining Files Downloaded as Per Anuj's task
	
1 minute ago
0000029915_000119312524152725_d844017d424b3.htm 	Remaining Files Downloaded as Per Anuj's task
	
1 minute ago
0000029915_000119312524152914_d849231d424b3.htm 	Files Downloaded as Per Anuj's task
	
18 minutes ago
0000029915_000119312524158187_d802401d424b3.htm 	Remaining Files Downloaded as Per Anuj's task
	
1 minute ago
0000029915_000119312524158677_d811576d424b3.htm 	Files Downloaded as Per Anuj's task
	
18 minutes ago
0000029915_000119312524162530_d827464d424b3.htm 	Remaining Files Downloaded as Per Anuj's task
	
1 minute ago
0000029915_000119312524162664_d853924d424b3.htm 	Files Downloaded as Per Anuj's task
	
18 minutes ago
0000029915_000119312524166820_d860386d424b3.htm 	Files Downloaded as Per Anuj's task
	
18 minutes ago
0000029915_000119312524187456_d869619d424b3.htm 	Files Downloaded as Per Anuj's task
	
18 minutes ago
0000029915_000119312524193709_d879476d424b3.htm 	Remaining Files Downloaded as Per Anuj's task
	
1 minute ago
0000029915_000119312524194159_d878170d424b3.htm 	Remaining Files Downloaded as Per Anuj's task
	
1 minute ago
0000029915_000119312524198659_d851777d424b3.htm 	Remaining Files Downloaded as Per Anuj's task
	
1 minute ago
0000029915_000119312524198825_d883090d424b3.htm 	Files Downloaded as Per Anuj's task
	
18 minutes ago
0000029915_000119312524202686_d852968d424b3.htm 	Files Downloaded as Per Anuj's task
	
18 minutes ago
0000029915_000119312524202798_d884986d424b3.htm 	Files Downloaded as Per Anuj's task
	
18 minutes ago
0000029915_000119312524206919_d885052d424b3.htm 	Files Downloaded as Per Anuj's task
	
18 minutes ago
0000029915_000119312524207137_d889510d424b3.htm 	Files Downloaded as Per Anuj's task
	
18 minutes ago
0000029915_000119312524211880_d865427d424b3.htm 	Files Downloaded as Per Anuj's task
	
18 minutes ago
0000029915_000119312524212021_d876141d424b3.htm 	Remaining Files Downloaded as Per Anuj's task
	
1 minute ago
0001665650_000121390024072906_ea0212511-01_424b3.htm 	Files Downloaded as Per Anuj's task
	
18 minutes ago
0001665650_000121390024072912_ea0212562-01_424b2.htm 	Files Downloaded as Per Anuj's task
	
18 minutes ago
0001665650_000121390024072927_ea0212580-01_424b2.htm 	Files Downloaded as Per Anuj's task
	
18 minutes ago
0001665650_000121390024073185_ea0212661-01_424b2.htm 	Files Downloaded as Per Anuj's task
	
18 minutes ago
0001665650_000121390024073189_ea0212655-01_424b2.htm 	Files Downloaded as Per Anuj's task
	
18 minutes ago
0001665650_000121390024073200_ea0212652-01_424b2.htm 	Files Downloaded as Per Anuj's task
	
18 minutes ago
0001665650_000121390024073226_ea0212653-01_424b2.htm 	Files Downloaded as Per Anuj's task
	
18 minutes ago
0001665650_000121390024073275_ea0212690-01_424b2.htm 	Files Downloaded as Per Anuj's task
	
18 minutes ago
0001665650_000121390024073292_ea0212667-01_424b2.htm 	Files Downloaded as Per Anuj's task
	
18 minutes ago
0001665650_000121390024073298_ea0212656-01_424b2.htm 	Files Downloaded as Per Anuj's task
	
18 minutes ago
0001665650_000121390024073299_ea0212669-01_424b2.htm 	Files Downloaded as Per Anuj's task
	
18 minutes ago
0001665650_000121390024073458_ea0212725-01_424b2.htm 	Files Downloaded as Per Anuj's task
	
18 minutes ago
0001665650_000121390024073469_ea0212740-01_424b2.htm 	Files Downloaded as Per Anuj's task
	
18 minutes ago
0001665650_000121390024073477_ea0212649-01_424b2.htm 	Files Downloaded as Per Anuj's task
	
18 minutes ago
0001665650_000121390024073480_ea0212658-01_424b2.htm 	Remaining Files Downloaded as Per Anuj's task
	
1 minute ago
0001665650_000121390024073484_ea0212735-01_424b2.htm 	Remaining Files Downloaded as Per Anuj's task
	
1 minute ago
0001665650_000121390024073487_ea0212665-01_424b2.htm 	Files Downloaded as Per Anuj's task
	
18 minutes ago
0001665650_000183988224027132_jpm_424b2-16484.htm 	Files Downloaded as Per Anuj's task
	
18 minutes ago
Anuj_Metadata.csv 	Files Downloaded as Per Anuj's task
	
18 minutes ago